<?xml version="1.0" encoding="utf-8"?>
<ode><userPreferences><userPreference><key>theme</key><value>base</value></userPreference></userPreferences><odeResources><odeResource><key>odeVersionId</key><value>20251119035341DSHJRI</value></odeResource><odeResource><key>odeId</key><value>20251119033636XZMVRR</value></odeResource><odeResource><key>odeVersionName</key><value>3</value></odeResource><odeResource><key>isDownload</key><value>true</value></odeResource></odeResources><odeProperties><odeProperty><key>pp_title</key><value>Untitled document</value></odeProperty><odeProperty><key>pp_lang</key><value/></odeProperty><odeProperty><key>pp_author</key><value/></odeProperty><odeProperty><key>license</key><value>creative commons: attribution - share alike 4.0</value></odeProperty><odeProperty><key>pp_description</key><value/></odeProperty><odeProperty><key>exportSource</key><value>true</value></odeProperty><odeProperty><key>pp_addExeLink</key><value>true</value></odeProperty><odeProperty><key>pp_exportElp</key><value>false</value></odeProperty><odeProperty><key>pp_addPagination</key><value>false</value></odeProperty><odeProperty><key>pp_addSearchBox</key><value>false</value></odeProperty><odeProperty><key>pp_addAccessibilityToolbar</key><value>false</value></odeProperty><odeProperty><key>pp_extraHeadContent</key><value/></odeProperty><odeProperty><key>footer</key><value/></odeProperty></odeProperties><odeNavStructures><odeNavStructure><odePageId>20251119035342RHJZWY</odePageId><odeParentPageId/><pageName>New page</pageName><odeNavStructureOrder>1</odeNavStructureOrder><odeNavStructureProperties><odeNavStructureProperty><key>titleNode</key><value>New page</value></odeNavStructureProperty><odeNavStructureProperty><key>titleHtml</key><value/></odeNavStructureProperty><odeNavStructureProperty><key>editableInPage</key><value>false</value></odeNavStructureProperty><odeNavStructureProperty><key>titlePage</key><value>New page</value></odeNavStructureProperty><odeNavStructureProperty><key>visibility</key><value>true</value></odeNavStructureProperty><odeNavStructureProperty><key>description</key><value/></odeNavStructureProperty></odeNavStructureProperties><odePagStructures><odePagStructure><odePageId>20251119035342RHJZWY</odePageId><odeBlockId>20251119035342MZPUDS</odeBlockId><blockName>Crossword</blockName><iconName/><odePagStructureOrder>1</odePagStructureOrder><odePagStructureProperties><odePagStructureProperty><key>visibility</key><value>true</value></odePagStructureProperty><odePagStructureProperty><key>teacherOnly</key><value>false</value></odePagStructureProperty><odePagStructureProperty><key>allowToggle</key><value>true</value></odePagStructureProperty><odePagStructureProperty><key>minimized</key><value>false</value></odePagStructureProperty><odePagStructureProperty><key>identifier</key><value/></odePagStructureProperty><odePagStructureProperty><key>cssClass</key><value/></odePagStructureProperty></odePagStructureProperties><odeComponents><odeComponent><odePageId>20251119035342RHJZWY</odePageId><odeBlockId>20251119035342MZPUDS</odeBlockId><odeIdeviceId>202511190839580683CM</odeIdeviceId><odeIdeviceTypeName>crossword</odeIdeviceTypeName><htmlView>&lt;div class="crucigrama-IDevice"&gt;
       &lt;div class="game-evaluation-ids js-hidden" data-id="202511190839580683CM" data-evaluationb="false" data-evaluationid="20251119033636XZMVRR"&gt;&lt;/div&gt;
            &lt;div class="crucigrama-version js-hidden"&gt;1&lt;/div&gt;
            &lt;div class="crucigrama-feedback-game"&gt;&lt;/div&gt;
            
            &lt;div class="crucigrama-DataGame js-hidden"&gt;%E9%B0%E6%EB%E2%F7%D5%F3%FF%F7%B0%A8%B0%D1%E0%E7%F1%FB%F5%E0%F3%FF%F3%B0%BE%B0%FB%FC%E1%E6%E0%E7%F1%E6%FB%FD%FC%E1%B0%A8%B0%B0%BE%B0%E1%FA%FD%E5%DF%FB%FC%FB%FF%FB%E8%F7%B0%A8%F4%F3%FE%E1%F7%BE%B0%E1%FA%FD%E5%C1%FD%FE%E7%E6%FB%FD%FC%B0%A8%E6%E0%E7%F7%BE%B0%FB%E6%FB%FC%F7%E0%F3%E0%EB%B0%A8%E9%B0%E1%FA%FD%E5%D1%FE%E7%F7%B0%A8%F4%F3%FE%E1%F7%BE%B0%F1%FE%E7%F7%D5%F3%FF%F7%B0%A8%B0%B0%BE%B0%E2%F7%E0%F1%F7%FC%E6%F3%F5%F7%D1%FE%E7%F7%B0%A8%A6%A2%BE%B0%E1%FA%FD%E5%D1%FD%F6%F7%D3%F1%F1%F7%E1%E1%B0%A8%F4%F3%FE%E1%F7%BE%B0%F1%FD%F6%F7%D3%F1%F1%F7%E1%E1%B0%A8%B0%B0%BE%B0%FF%F7%E1%E1%F3%F5%F7%D1%FD%F6%F7%D3%F1%F1%F7%E1%E1%B0%A8%B0%B0%EF%BE%B0%E5%FD%E0%F6%E1%D5%F3%FF%F7%B0%A8%C9%E9%B0%E5%FD%E0%F6%B0%A8%B0%C3%E7%F3%F6%E0%F3%E6%FB%F1%B0%BE%B0%F6%F7%F4%FB%FC%FB%E6%FB%FD%FC%B0%A8%B0%D3%FC%B2%F7%E3%E7%F3%E6%FB%FD%FC%B2%FB%FC%B2%E5%FA%FB%F1%FA%B2%E6%FA%F7%B2%FA%FB%F5%FA%F7%E1%E6%B2%E2%FD%E5%F7%E0%B2%FD%F4%B2%E6%FA%F7%B2%E4%F3%E0%FB%F3%F0%FE%F7%B2%FB%E1%B2%A0%BC%B0%BE%B0%EA%B0%A8%A2%BE%B0%EB%B0%A8%A2%BE%B0%F3%E7%E6%FA%FD%E0%B0%A8%B0%B0%BE%B0%F3%FE%E6%B0%A8%B0%B0%BE%B0%E7%E0%FE%B0%A8%B0%B0%BE%B0%F3%E7%F6%FB%FD%B0%A8%B0%B0%BE%B0%E2%F7%E0%F1%F7%FC%E6%F3%F5%F7%C1%FA%FD%E5%B0%A8%FC%E7%FE%FE%EF%BE%E9%B0%E5%FD%E0%F6%B0%A8%B0%D7%E3%E7%F3%E6%FB%FD%FC%B0%BE%B0%F6%F7%F4%FB%FC%FB%E6%FB%FD%FC%B0%A8%B0%D3%B2%FF%F3%E6%FA%F7%FF%F3%E6%FB%F1%F3%FE%B2%E1%E6%F3%E6%F7%FF%F7%FC%E6%B2%E6%FA%F3%E6%B2%E1%FA%FD%E5%E1%B2%E6%E5%FD%B2%F7%EA%E2%E0%F7%E1%E1%FB%FD%FC%E1%B2%F3%E0%F7%B2%F7%E3%E7%F3%FE%BC%B0%BE%B0%EA%B0%A8%A2%BE%B0%EB%B0%A8%A2%BE%B0%F3%E7%E6%FA%FD%E0%B0%A8%B0%B0%BE%B0%F3%FE%E6%B0%A8%B0%B0%BE%B0%E7%E0%FE%B0%A8%B0%B0%BE%B0%F3%E7%F6%FB%FD%B0%A8%B0%B0%BE%B0%E2%F7%E0%F1%F7%FC%E6%F3%F5%F7%C1%FA%FD%E5%B0%A8%FC%E7%FE%FE%EF%BE%E9%B0%E5%FD%E0%F6%B0%A8%B0%D1%FD%F7%F4%F4%FB%F1%FB%F7%FC%E6%B0%BE%B0%F6%F7%F4%FB%FC%FB%E6%FB%FD%FC%B0%A8%B0%D3%B2%FC%E7%FF%F0%F7%E0%B2%FF%E7%FE%E6%FB%E2%FE%FB%F7%F6%B2%F0%EB%B2%F3%B2%E4%F3%E0%FB%F3%F0%FE%F7%B2%FB%FC%B2%F3%FC%B2%F3%FE%F5%F7%F0%E0%F3%FB%F1%B2%E6%F7%E0%FF%BC%B0%BE%B0%EA%B0%A8%A2%BE%B0%EB%B0%A8%A2%BE%B0%F3%E7%E6%FA%FD%E0%B0%A8%B0%B0%BE%B0%F3%FE%E6%B0%A8%B0%B0%BE%B0%E7%E0%FE%B0%A8%B0%B0%BE%B0%F3%E7%F6%FB%FD%B0%A8%B0%B0%BE%B0%E2%F7%E0%F1%F7%FC%E6%F3%F5%F7%C1%FA%FD%E5%B0%A8%FC%E7%FE%FE%EF%BE%E9%B0%E5%FD%E0%F6%B0%A8%B0%C0%FD%FD%E6%B0%BE%B0%F6%F7%F4%FB%FC%FB%E6%FB%FD%FC%B0%A8%B0%D3%B2%E4%F3%FE%E7%F7%B2%FD%F4%B2%E6%FA%F7%B2%E4%F3%E0%FB%F3%F0%FE%F7%B2%E6%FA%F3%E6%B2%E1%F3%E6%FB%E1%F4%FB%F7%E1%B2%E6%FA%F7%B2%F7%E3%E7%F3%E6%FB%FD%FC%BC%B0%BE%B0%EA%B0%A8%A2%BE%B0%EB%B0%A8%A2%BE%B0%F3%E7%E6%FA%FD%E0%B0%A8%B0%B0%BE%B0%F3%FE%E6%B0%A8%B0%B0%BE%B0%E7%E0%FE%B0%A8%B0%B0%BE%B0%F3%E7%F6%FB%FD%B0%A8%B0%B0%BE%B0%E2%F7%E0%F1%F7%FC%E6%F3%F5%F7%C1%FA%FD%E5%B0%A8%FC%E7%FE%FE%EF%BE%E9%B0%E5%FD%E0%F6%B0%A8%B0%D6%FB%E1%F1%E0%FB%FF%FB%FC%F3%FC%E6%B0%BE%B0%F6%F7%F4%FB%FC%FB%E6%FB%FD%FC%B0%A8%B0%C6%FA%F7%B2%E2%F3%E0%E6%B2%FD%F4%B2%E6%FA%F7%B2%E3%E7%F3%F6%E0%F3%E6%FB%F1%B2%F4%FD%E0%FF%E7%FE%F3%B2%E7%FC%F6%F7%E0%B2%E6%FA%F7%B2%E1%E3%E7%F3%E0%F7%B2%E0%FD%FD%E6%A8%B2%B2%uD8A7%uDCDD%B2%A0%B2%u2280%B2%A6%B2%uD8A7%uDCDC%B2%uD8A7%uDCC2%B2%F0%B2%A0%B2%u2280%A6%F3%F1%BC%B0%BE%B0%EA%B0%A8%A2%BE%B0%EB%B0%A8%A2%BE%B0%F3%E7%E6%FA%FD%E0%B0%A8%B0%B0%BE%B0%F3%FE%E6%B0%A8%B0%B0%BE%B0%E7%E0%FE%B0%A8%B0%B0%BE%B0%F3%E7%F6%FB%FD%B0%A8%B0%B0%BE%B0%E2%F7%E0%F1%F7%FC%E6%F3%F5%F7%C1%FA%FD%E5%B0%A8%FC%E7%FE%FE%EF%CF%BE%B0%FB%E1%C1%F1%FD%E0%FF%B0%A8%A2%BE%B0%FA%F3%E1%D0%F3%F1%F9%B0%A8%E6%E0%E7%F7%BE%B0%E7%E0%FE%D0%F3%F1%F9%B0%A8%B0%B0%BE%B0%E6%F7%EA%E6%D0%E7%E6%E6%FD%FC%C1%F1%FD%E0%FF%B0%A8%B0%C1%F3%E4%F7%B2%E1%F1%FD%E0%F7%B0%BE%B0%E0%F7%E2%F7%F3%E6%D3%F1%E6%FB%E4%FB%E6%EB%B0%A8%E6%E0%E7%F7%BE%B0%E5%F7%FB%F5%FA%E6%F7%F6%B0%A8%A3%A2%A2%BE%B0%E6%F7%EA%E6%D4%F7%F7%F6%D0%F3%F1%F9%B0%A8%B0%B0%BE%B0%E6%F7%EA%E6%D3%F4%E6%F7%E0%B0%A8%B0%B0%BE%B0%F1%F3%E1%F7%C1%F7%FC%E1%FB%E6%FB%E4%F7%B0%A8%F4%F3%FE%E1%F7%BE%B0%E6%FB%FE%F6%F7%B0%A8%E6%E0%E7%F7%BE%B0%F4%F7%F7%F6%D0%F3%F1%F9%B0%A8%F4%F3%FE%E1%F7%BE%B0%E2%F7%E0%F1%F7%FC%E6%F3%F8%F7%D4%D0%B0%A8%A3%A2%A2%BE%B0%E4%F7%E0%E1%FB%FD%FC%B0%A8%A0%BE%B0%F7%E4%F3%FE%E7%F3%E6%FB%FD%FC%B0%A8%F4%F3%FE%E1%F7%BE%B0%F7%E4%F3%FE%E7%F3%E6%FB%FD%FC%DB%D6%B0%A8%B0%A0%A2%A0%A7%A3%A3%A3%AB%A2%A1%A1%A4%A1%A4%CA%C8%DF%C4%C0%C0%B0%BE%B0%E2%F7%E0%F1%F7%FC%E6%F3%F8%F7%C3%E7%F7%E1%E6%FB%FD%FC%E1%B0%A8%B0%A3%A2%A2%B0%BE%B0%F6%FB%F4%F4%FB%F1%E7%FE%E6%EB%B0%A8%B0%A3%A2%A2%B0%BE%B0%E6%FB%FF%F7%B0%A8%B0%A2%B0%BE%B0%F3%E7%E6%FA%FD%E0%D0%F3%F1%F9%DB%FF%F3%F5%F7%B0%A8%B0%B0%BE%B0%FB%F6%B0%A8%B0%A0%A2%A0%A7%A3%A3%A3%AB%A2%AA%A1%AB%A7%AA%A2%A4%AA%A1%D1%DF%B0%BE%B0%FF%E1%F5%E1%B0%A8%E9%B0%FF%E1%F5%C0%F7%E2%FE%EB%B0%A8%B0%C0%F7%E2%FE%EB%B0%BE%B0%FF%E1%F5%D7%FC%E6%F7%E0%D1%FD%F6%F7%B0%A8%B0%D7%FC%E6%F7%E0%B2%E6%FA%F7%B2%F3%F1%F1%F7%E1%E1%B2%F1%FD%F6%F7%B0%BE%B0%FF%E1%F5%D7%E0%E0%FD%E0%D1%FD%F6%F7%B0%A8%B0%C6%FA%F7%B2%F3%F1%F1%F7%E1%E1%B2%F1%FD%F6%F7%B2%FB%E1%B2%FC%FD%E6%B2%F1%FD%E0%E0%F7%F1%E6%B0%BE%B0%FF%E1%F5%DB%FC%F6%FB%F1%F3%E6%F7%C5%FD%E0%F6%B0%A8%B0%C2%E0%FD%E4%FB%F6%F7%B2%F3%B2%E5%FD%E0%F6%B2%FD%E0%B2%E2%FA%E0%F3%E1%F7%B0%BE%B0%FF%E1%F5%D1%FE%E7%F7%B0%A8%B0%D1%FD%FD%FE%B3%B2%C6%FA%F7%B2%F1%FE%E7%F7%B2%FB%E1%A8%B0%BE%B0%FF%E1%F5%D1%FD%F6%F7%D3%F1%F1%F7%E1%E1%B0%A8%B0%D3%F1%F1%F7%E1%E1%B2%F1%FD%F6%F7%B0%BE%B0%FF%E1%F5%C0%F7%E3%E7%FB%E0%F7%F6%D3%F1%F1%F7%E1%E1%D9%F7%EB%B0%A8%B0%D3%F1%F1%F7%E1%E1%B2%F1%FD%F6%F7%B2%E0%F7%E3%E7%FB%E0%F7%F6%B0%BE%B0%FF%E1%F5%DB%FC%F4%FD%E0%FF%F3%E6%FB%FD%FC%DE%FD%FD%F9%FB%FC%F5%B0%A8%B0%D1%FD%FD%FE%B3%B2%C6%FA%F7%B2%FB%FC%F4%FD%E0%FF%F3%E6%FB%FD%FC%B2%EB%FD%E7%B2%E5%F7%E0%F7%B2%FE%FD%FD%F9%FB%FC%F5%B2%F4%FD%E0%B0%BE%B0%FF%E1%F5%C2%FE%F3%EB%C1%E6%F3%E0%E6%B0%A8%B0%D1%FE%FB%F1%F9%B2%FA%F7%E0%F7%B2%E6%FD%B2%E2%FE%F3%EB%B0%BE%B0%FF%E1%F5%D7%E0%E0%FD%E0%E1%B0%A8%B0%D7%E0%E0%FD%E0%E1%B0%BE%B0%FF%E1%F5%DA%FB%E6%E1%B0%A8%B0%DA%FB%E6%E1%B0%BE%B0%FF%E1%F5%C1%F1%FD%E0%F7%B0%A8%B0%C1%F1%FD%E0%F7%B0%BE%B0%FF%E1%F5%C5%F7%FB%F5%FA%E6%B0%A8%B0%C5%F7%FB%F5%FA%E6%B0%BE%B0%FF%E1%F5%DF%FB%FC%FB%FF%FB%E8%F7%B0%A8%B0%DF%FB%FC%FB%FF%FB%E8%F7%B0%BE%B0%FF%E1%F5%DF%F3%EA%FB%FF%FB%E8%F7%B0%A8%B0%DF%F3%EA%FB%FF%FB%E8%F7%B0%BE%B0%FF%E1%F5%C6%FB%FF%F7%B0%A8%B0%C6%FB%FF%F7%B2%DE%FB%FF%FB%E6%B2%BA%FF%FF%A8%E1%E1%BB%B0%BE%B0%FF%E1%F5%D4%E7%FE%FE%C1%F1%E0%F7%F7%FC%B0%A8%B0%D4%E7%FE%FE%B2%C1%F1%E0%F7%F7%FC%B0%BE%B0%FF%E1%F5%D7%EA%FB%E6%D4%E7%FE%FE%C1%F1%E0%F7%F7%FC%B0%A8%B0%D7%EA%FB%E6%B2%D4%E7%FE%FE%B2%C1%F1%E0%F7%F7%FC%B0%BE%B0%FF%E1%F5%DC%E7%FF%C3%E7%F7%E1%E6%FB%FD%FC%E1%B0%A8%B0%DC%E7%FF%F0%F7%E0%B2%FD%F4%B2%E3%E7%F7%E1%E6%FB%FD%FC%E1%B0%BE%B0%FF%E1%F5%DC%FD%DB%FF%F3%F5%F7%B0%A8%B0%DC%FD%B2%E2%FB%F1%E6%E7%E0%F7%B2%E3%E7%F7%E1%E6%FB%FD%FC%B0%BE%B0%FF%E1%F5%D1%FD%FD%FE%B0%A8%B0%D1%FD%FD%FE%B3%B0%BE%B0%FF%F5%E1%D3%FE%FE%C3%E7%F7%E1%E6%FB%FD%FC%E1%B0%A8%B0%C3%E7%F7%E1%E6%FB%FD%FC%E1%B2%F1%FD%FF%E2%FE%F7%E6%F7%F6%B3%B0%BE%B0%FF%E1%F5%C1%E7%F1%F1%F7%E1%E1%F7%E1%B0%A8%B0%C0%FB%F5%FA%E6%B3%B2%EE%B2%D7%EA%F1%F7%FE%FE%F7%FC%E6%B3%B2%EE%B2%D5%E0%F7%F3%E6%B3%B2%EE%B2%C4%F7%E0%EB%B2%F5%FD%FD%F6%B3%B2%EE%B2%C2%F7%E0%F4%F7%F1%E6%B3%B0%BE%B0%FF%E1%F5%D4%F3%FB%FE%E7%E0%F7%E1%B0%A8%B0%DB%E6%B2%E5%F3%E1%B2%FC%FD%E6%B2%E6%FA%F3%E6%B3%B2%EE%B2%DB%FC%F1%FD%E0%E0%F7%F1%E6%B3%B2%EE%B2%DC%FD%E6%B2%F1%FD%E0%E0%F7%F1%E6%B3%B2%EE%B2%C1%FD%E0%E0%EB%B3%B2%EE%B2%D7%E0%E0%FD%E0%B3%B0%BE%B0%FF%E1%F5%C6%E0%EB%D3%F5%F3%FB%FC%B0%A8%B0%CD%CD%CB%FD%E7%B2%FC%F7%F7%F6%B2%F3%E6%B2%FE%F7%F3%E1%E6%B2%B7%E1%B7%B2%FD%F4%B2%F1%FD%E0%E0%F7%F1%E6%B2%F3%FC%E1%E5%F7%E0%E1%B2%E6%FD%B2%F5%F7%E6%B2%E6%FA%F7%B2%FB%FC%F4%FD%E0%FF%F3%E6%FB%FD%FC%BC%B2%C2%FE%F7%F3%E1%F7%B2%E6%E0%EB%B2%F3%F5%F3%FB%FC%BC%B0%BE%B0%FF%E1%F5%C5%E0%FD%E6%F7%B0%A8%B0%C5%E0%FB%E6%F7%B2%E6%FA%F7%B2%F1%FD%E0%E0%F7%F1%E6%B2%E5%FD%E0%F6%B2%F3%FC%F6%B2%F1%FE%FB%F1%F9%B2%FD%FC%B2%C0%F7%E2%FE%EB%BC%B2%DB%F4%B2%EB%FD%E7%B2%FA%F7%E1%FB%E6%F3%E6%F7%BE%B2%F1%FE%FB%F1%F9%B2%FD%FC%B2%DF%FD%E4%F7%B2%FD%FC%BC%B0%BE%B0%FF%E1%F5%D7%FC%F6%D5%F3%FF%F7%C1%F1%FD%E0%F7%B0%A8%B0%C2%FE%F7%F3%E1%F7%B2%E1%E6%F3%E0%E6%B2%E6%FA%F7%B2%F5%F3%FF%F7%B2%F0%F7%F4%FD%E0%F7%B2%E1%F3%E4%FB%FC%F5%B2%EB%FD%E7%E0%B2%E1%F1%FD%E0%F7%BC%B0%BE%B0%FF%E1%F5%C1%F1%FD%E0%F7%C1%F1%FD%E0%FF%B0%A8%B0%C6%FA%F7%B2%E1%F1%FD%E0%F7%B2%F1%F3%FC%B5%E6%B2%F0%F7%B2%E1%F3%E4%F7%F6%B2%F0%F7%F1%F3%E7%E1%F7%B2%E6%FA%FB%E1%B2%E2%F3%F5%F7%B2%FB%E1%B2%FC%FD%E6%B2%E2%F3%E0%E6%B2%FD%F4%B2%F3%B2%C1%D1%DD%C0%DF%B2%E2%F3%F1%F9%F3%F5%F7%BC%B0%BE%B0%FF%E1%F5%DD%FC%FE%EB%C1%F3%E4%F7%C1%F1%FD%E0%F7%B0%A8%B0%CB%FD%E7%B2%F1%F3%FC%B2%FD%FC%FE%EB%B2%E1%F3%E4%F7%B2%E6%FA%F7%B2%E1%F1%FD%E0%F7%B2%FD%FC%F1%F7%B3%B0%BE%B0%FF%E1%F5%DD%FC%FE%EB%C1%F3%E4%F7%B0%A8%B0%CB%FD%E7%B2%F1%F3%FC%B2%FD%FC%FE%EB%B2%E1%F3%E4%F7%B2%FD%FC%F1%F7%B0%BE%B0%FF%E1%F5%DB%FC%F4%FD%E0%FF%F3%E6%FB%FD%FC%B0%A8%B0%DB%FC%F4%FD%E0%FF%F3%E6%FB%FD%FC%B0%BE%B0%FF%E1%F5%CB%FD%E7%C1%F1%FD%E0%F7%B0%A8%B0%CB%FD%E7%E0%B2%E1%F1%FD%E0%F7%B0%BE%B0%FF%E1%F5%D3%E7%E6%FA%FD%E0%B0%A8%B0%D3%E7%E6%FA%FD%E0%E1%FA%FB%E2%B0%BE%B0%FF%E1%F5%DD%FC%FE%EB%C1%F3%E4%F7%D3%E7%E6%FD%B0%A8%B0%CB%FD%E7%E0%B2%E1%F1%FD%E0%F7%B2%E5%FB%FE%FE%B2%F0%F7%B2%E1%F3%E4%F7%F6%B2%F3%F4%E6%F7%E0%B2%F7%F3%F1%FA%B2%E3%E7%F7%E1%E6%FB%FD%FC%BC%B2%CB%FD%E7%B2%F1%F3%FC%B2%FD%FC%FE%EB%B2%E2%FE%F3%EB%B2%FD%FC%F1%F7%BC%B0%BE%B0%FF%E1%F5%C1%F3%E4%F7%D3%E7%E6%FD%B0%A8%B0%CB%FD%E7%E0%B2%E1%F1%FD%E0%F7%B2%E5%FB%FE%FE%B2%F0%F7%B2%F3%E7%E6%FD%FF%F3%E6%FB%F1%F3%FE%FE%EB%B2%E1%F3%E4%F7%F6%B2%F3%F4%E6%F7%E0%B2%F7%F3%F1%FA%B2%E3%E7%F7%E1%E6%FB%FD%FC%BC%B0%BE%B0%FF%E1%F5%C1%F7%E4%F7%E0%F3%FE%C1%F1%FD%E0%F7%B0%A8%B0%CB%FD%E7%B2%F1%F3%FC%B2%E1%F3%E4%F7%B2%E6%FA%F7%B2%E1%F1%FD%E0%F7%B2%F3%E1%B2%FF%F3%FC%EB%B2%E6%FB%FF%F7%E1%B2%F3%E1%B2%EB%FD%E7%B2%E5%F3%FC%E6%B0%BE%B0%FF%E1%F5%CB%FD%E7%DE%F3%E1%E6%C1%F1%FD%E0%F7%B0%A8%B0%C6%FA%F7%B2%FE%F3%E1%E6%B2%E1%F1%FD%E0%F7%B2%E1%F3%E4%F7%F6%B2%FB%E1%B0%BE%B0%FF%E1%F5%D3%F1%E6%FB%E6%EB%D1%FD%FF%E2%FE%EB%B0%A8%B0%CB%FD%E7%B2%FA%F3%E4%F7%B2%F3%FE%E0%F7%F3%F6%EB%B2%F6%FD%FC%F7%B2%E6%FA%FB%E1%B2%F3%F1%E6%FB%E4%FB%E6%EB%BC%B0%BE%B0%FF%E1%F5%C2%FE%F3%EB%C1%F7%E4%F7%E0%F3%FE%C6%FB%FF%F7%E1%B0%A8%B0%CB%FD%E7%B2%F1%F3%FC%B2%F6%FD%B2%E6%FA%FB%E1%B2%F3%F1%E6%FB%E4%FB%E6%EB%B2%F3%E1%B2%FF%F3%FC%EB%B2%E6%FB%FF%F7%E1%B2%F3%E1%B2%EB%FD%E7%B2%E5%F3%FC%E6%B0%BE%B0%FF%E1%F5%D1%FE%FD%E1%F7%B0%A8%B0%D1%FE%FD%E1%F7%B0%BE%B0%FF%E1%F5%DE%FD%F3%F6%FB%FC%F5%B0%A8%B0%DE%FD%F3%F6%FB%FC%F5%BC%B2%C2%FE%F7%F3%E1%F7%B2%E5%F3%FB%E6%BC%BC%BC%B0%BE%B0%FF%E1%F5%C2%FD%FB%FC%E6%E1%B0%A8%B0%E2%FD%FB%FC%E6%E1%B0%BE%B0%FF%E1%F5%D3%E7%F6%FB%FD%B0%A8%B0%D3%E7%F6%FB%FD%B0%BE%B0%FF%E1%F5%D1%FD%E0%E0%F7%F1%E6%B0%A8%B0%D1%FD%E0%E0%F7%F1%E6%B0%BE%B0%FF%E1%F5%DB%FC%F1%FD%E0%E0%F7%F1%E6%B0%A8%B0%DB%FC%F1%FD%E0%E0%F7%F1%E6%B0%BE%B0%FF%E1%F5%C7%FC%F1%FD%FF%E2%FE%F7%E6%F7%F6%D3%F1%E6%FB%E4%FB%E6%EB%B0%A8%B0%DB%FC%F1%FD%FF%E2%FE%F7%E6%F7%B2%F3%F1%E6%FB%E4%FB%E6%EB%B0%BE%B0%FF%E1%F5%C1%E7%F1%F1%F7%E1%E1%F4%E7%FE%D3%F1%E6%FB%E4%FB%E6%EB%B0%A8%B0%D3%F1%E6%FB%E4%FB%E6%EB%A8%B2%C2%F3%E1%E1%F7%F6%BC%B2%C1%F1%FD%E0%F7%A8%B2%B7%E1%B0%BE%B0%FF%E1%F5%C7%FC%E1%E7%F1%F1%F7%E1%E1%F4%E7%FE%D3%F1%E6%FB%E4%FB%E6%EB%B0%A8%B0%D3%F1%E6%FB%E4%FB%E6%EB%A8%B2%DC%FD%E6%B2%E2%F3%E1%E1%F7%F6%BC%B2%C1%F1%FD%E0%F7%A8%B2%B7%E1%B0%BE%B0%FF%E1%F5%C6%EB%E2%F7%D5%F3%FF%F7%B0%A8%B0%D1%E0%FD%E1%E1%E5%FD%E0%F6%B0%BE%B0%FF%E1%F5%D1%FA%F7%F1%F9%B0%A8%B0%D1%FA%F7%F1%F9%B0%BE%B0%FF%E1%F5%C1%FA%FD%E5%C1%FD%FE%E7%E6%FB%FD%FC%B0%A8%B0%C1%FA%FD%E5%B2%E1%FD%FE%E7%E6%FB%FD%FC%E1%B0%BE%B0%FF%E1%F5%C0%F7%F0%FD%FD%E6%B0%A8%B0%C2%FE%F3%EB%B2%D3%F5%F3%FB%FC%B0%BE%B0%FF%E1%F5%D5%F3%FF%F7%DD%E4%F7%E0%B0%A8%B0%C6%FA%F7%B2%F5%F3%FF%F7%B2%FB%E1%B2%FD%E4%F7%E0%BC%B2%CB%FD%E7%B2%E1%F1%FD%E0%F7%F6%B2%B7%E1%BC%B2%DA%FB%E6%E1%A8%B2%B7%E1%B2%FD%E7%E6%B2%FD%F4%B2%B7%E1%BC%B0%BE%B0%FF%E1%F5%C1%F7%FE%F7%F1%E6%C5%FD%E0%F6%B0%A8%B0%D1%FE%FB%F1%F9%B2%FD%FC%B2%F3%B2%E5%FD%E0%F6%u208B%E1%B2%E1%E3%E7%F3%E0%F7%B2%E6%FD%B2%E1%F7%F7%B2%E6%FA%F7%B2%F6%F7%F4%FB%FC%FB%E6%FB%FD%FC%B0%BE%B0%FF%E1%F5%DA%FD%E0%FB%E8%FD%FC%E6%F3%FE%E1%B0%A8%B0%DA%FD%E0%FB%E8%FD%FC%E6%F3%FE%E1%B0%BE%B0%FF%E1%F5%C4%F7%E0%E6%FB%F1%F3%FE%E1%B0%A8%B0%C4%F7%E0%E6%FB%F1%F3%FE%E1%B0%BE%B0%FF%E1%F5%C1%FA%FD%E5%D6%F7%F4%FB%FC%FB%E6%FB%FD%FC%E1%B0%A8%B0%C1%FA%FD%E5%BD%FA%FB%F6%F7%B2%F6%F7%F4%FB%FC%FB%E6%FB%FD%FC%E1%B0%BE%B0%FF%E1%F5%C1%FA%FD%E5%D0%F3%F1%F9%B0%A8%B0%C1%FA%FD%E5%BD%FA%FB%F6%F7%B2%F0%F3%F1%F9%F5%E0%FD%E7%FC%F6%B2%FB%FF%F3%F5%F7%B0%BE%B0%FF%E1%F5%C1%FD%FE%E7%E6%FB%FD%FC%C5%FD%E0%F6%B0%A8%B0%C5%FD%E0%F6%B0%EF%EF&lt;/div&gt;
            
            
            
            
            &lt;div class="crucigrama-bns js-hidden"&gt;Your browser is not compatible with this tool.&lt;/div&gt;
        &lt;/div&gt;</htmlView><jsonProperties/><odeComponentsOrder>1</odeComponentsOrder><odeComponentsProperties><odeComponentsProperty><key>visibility</key><value>true</value></odeComponentsProperty><odeComponentsProperty><key>teacherOnly</key><value>false</value></odeComponentsProperty><odeComponentsProperty><key>identifier</key><value/></odeComponentsProperty><odeComponentsProperty><key>cssClass</key><value/></odeComponentsProperty></odeComponentsProperties></odeComponent></odeComponents></odePagStructure></odePagStructures></odeNavStructure></odeNavStructures></ode>
